INSERT INTO public."Clients" ("ClientID", "FullName", "PhoneNumber", "TaxId")
VALUES
(1, 'Иванов Иван Иванович', '79001234567', '123456789012'),
(2, 'Петрова Елена Сергеевна', '79002345678', '234567890123'),
(3, 'Сидоров Алексей Николаевич', '79003456789', '345678901234'),
(4, 'Козлова Ольга Александровна', '79004567890', '456789012345'),
(5, 'Лебедев Максим Юрьевич', '79005678901', '567890123456'),
(6, 'Федорова Наталья Игоревна', '79006789012', '678901234567'),
(7, 'Кузнецов Михаил Павлович', '79007890123', '789012345678'),
(8, 'Попова Екатерина Владимировна', '79008901234', '890123456789'),
(9, 'Соколов Сергей Алексеевич', '79009123456', '901234567890'),
(10, 'Васильева Татьяна Борисовна', '79001123456', '012345678901'),
(11, 'Морозов Дмитрий Сергеевич', '79002234567', '123456789013'),
(12, 'Смирнова Анастасия Андреевна', '79003345678', '234567890124'),
(13, 'Громов Павел Игоревич', '79004456789', '345678901235'),
(14, 'Белова Юлия Александровна', '79005567890', '456789012346'),
(15, 'Николаев Александр Михайлович', '79006678901', '567890123457'),
(16, 'Макарова Елена Сергеевна', '79007789012', '678901234568'),
(17, 'Жуков Сергей Николаевич', '79008890123', '789012345679'),
(18, 'Ходова Анна Викторовна', '79009912345', '890123456780'),
(19, 'Борисов Андрей Юрьевич', '79001923456', '901234567891'),
(20, 'Кузьмина Ирина Алексеевна', '79002034567', '012345678902'),
(21, 'Воробьев Константин Сергеевич', '79003145678', '123456789014'),
(22, 'Соловьева Мария Павловна', '79004256789', '234567890125'),
(23, 'Захаров Николай Иванович', '79005367890', '345678901236'),
(24, 'Лазарева Вера Анатольевна', '79006478901', '456789012347'),
(25, 'Павлов Алексей Дмитриевич', '79007589012', '567890123458'),
(26, 'Семёнова Екатерина Игоревна', '79008690123', '678901234569'),
(27, 'Егоров Иван Сергеевич', '79009712345', '789012345670'),
(28, 'Колпакова Светлана Алексеевна', '79001823456', '890123456781'),
(29, 'Орлов Денис Владимирович', '79002934567', '901234567892'),
(30, 'Фокина Надежда Юрьевна', '79003045678', '012345678903');

INSERT INTO public."Accounts" ("AccountID", "ClientID", "AccountNumber", "Currency", "ValidFrom", "Balance")
VALUES
(1, 1, '10000000000000000001', 'USD', '2021-01-01 00:00:00', 5000.00),
(2, 2, '10000000000000000002', 'EUR', '2021-02-01 00:00:00', 4500.00),
(3, 3, '10000000000000000003', 'GBP', '2021-03-01 00:00:00', 3500.00),
(4, 4, '10000000000000000004', 'JPY', '2021-04-01 00:00:00', 600000.00),
(5, 5, '10000000000000000005', 'CAD', '2021-05-01 00:00:00', 7000.00),
(6, 6, '10000000000000000006', 'AUD', '2021-06-01 00:00:00', 8000.00),
(7, 7, '10000000000000000007', 'CHF', '2021-07-01 00:00:00', 4000.00),
(8, 8, '10000000000000000008', 'CNY', '2021-08-01 00:00:00', 30000.00),
(9, 9, '10000000000000000009', 'SEK', '2021-09-01 00:00:00', 50000.00),
(10, 10, '10000000000000000010', 'NZD', '2021-10-01 00:00:00', 9000.00),
(11, 11, '10000000000000000011', 'USD', '2021-11-01 00:00:00', 10000.00),
(12, 12, '10000000000000000012', 'EUR', '2021-12-01 00:00:00', 9000.00),
(13, 13, '10000000000000000013', 'GBP', '2022-01-01 00:00:00', 7000.00),
(14, 14, '10000000000000000014', 'JPY', '2022-02-01 00:00:00', 1200000.00),
(15, 15, '10000000000000000015', 'CAD', '2022-03-01 00:00:00', 14000.00),
(16, 16, '10000000000000000016', 'AUD', '2022-04-01 00:00:00', 16000.00),
(17, 17, '10000000000000000017', 'CHF', '2022-05-01 00:00:00', 8000.00),
(18, 18, '10000000000000000018', 'CNY', '2022-06-01 00:00:00', 60000.00),
(19, 19, '10000000000000000019', 'SEK', '2022-07-01 00:00:00', 100000.00),
(20, 20, '10000000000000000020', 'NZD', '2022-08-01 00:00:00', 18000.00),
(21, 21, '10000000000000000021', 'USD', '2022-09-01 00:00:00', 20000.00),
(22, 22, '10000000000000000022', 'EUR', '2022-10-01 00:00:00', 18000.00),
(23, 23, '10000000000000000023', 'GBP', '2022-11-01 00:00:00', 14000.00),
(24, 24, '10000000000000000024', 'JPY', '2022-12-01 00:00:00', 2400000.00),
(25, 25, '10000000000000000025', 'CAD', '2023-01-01 00:00:00', 28000.00),
(26, 26, '10000000000000000026', 'AUD', '2023-02-01 00:00:00', 32000.00),
(27, 27, '10000000000000000027', 'CHF', '2023-03-01 00:00:00', 16000.00),
(28, 28, '10000000000000000028', 'CNY', '2023-04-01 00:00:00', 120000.00),
(29, 29, '10000000000000000029', 'SEK', '2023-05-01 00:00:00', 200000.00),
(30, 30, '10000000000000000030', 'NZD', '2023-06-01 00:00:00', 36000.00);


INSERT INTO public."InvestPortfolios" ("PortfolioID", "ClientID", "RiskProfile")
VALUES
(1, 1, 'Консервативный'),
(2, 2, 'Умеренный'),
(3, 3, 'Агрессивный'),
(4, 4, 'Консервативный'),
(5, 5, 'Умеренный'),
(6, 6, 'Агрессивный'),
(7, 7, 'Консервативный'),
(8, 8, 'Умеренный'),
(9, 9, 'Агрессивный'),
(10, 10, 'Консервативный'),
(11, 11, 'Умеренный'),
(12, 12, 'Агрессивный'),
(13, 13, 'Консервативный'),
(14, 14, 'Умеренный'),
(15, 15, 'Агрессивный'),
(16, 16, 'Консервативный'),
(17, 17, 'Умеренный'),
(18, 18, 'Агрессивный'),
(19, 19, 'Консервативный'),
(20, 20, 'Умеренный'),
(21, 21, 'Агрессивный'),
(22, 22, 'Консервативный'),
(23, 23, 'Умеренный'),
(24, 24, 'Агрессивный'),
(25, 25, 'Консервативный'),
(26, 26, 'Умеренный'),
(27, 27, 'Агрессивный'),
(28, 28, 'Консервативный'),
(29, 29, 'Умеренный'),
(30, 30, 'Агрессивный');

INSERT INTO public."Assets" ("AssetID", "PortfolioID", "Name", "AssetType", "Value", "Yield", "ValidFrom", "ValidTo")
VALUES
(1, 1, 'Акции компании "Роснефть"', 'Акции', 100000.00, 5.5, '2021-01-01 00:00:00', '2023-12-31 00:00:00'),
(2, 1, 'Облигации компании "Газпром"', 'Облигации', 50000.00, 4.5, '2021-01-01 00:00:00', '2025-12-31 00:00:00'),
(3, 2, 'Акции компании "Сбербанк"', 'Акции', 200000.00, 6.0, '2021-01-01 00:00:00', '2024-12-31 00:00:00'),
(4, 2, 'Офисное здание в центре Москвы', 'Недвижимость', 5000000.00, 4.0, '2021-01-01 00:00:00', '2026-12-31 00:00:00'),
(5, 3, 'Акции стартапа "ЭкоТех"', 'Акции', 100000.00, 15.0, '2021-01-01 00:00:00', '2023-12-31 00:00:00'),
(6, 3, 'Магазин спортивных товаров', 'Бизнес', 500000.00, 10.0, '2021-01-01 00:00:00', '2025-12-31 00:00:00'),
(7, 4, 'Акции компании "Яндекс"', 'Акции', 300000.00, 7.0, '2021-01-01 00:00:00', '2024-12-31 00:00:00'),
(8, 4, 'Офисное оборудование', 'Имущество', 200000.00, 5.0, '2021-01-01 00:00:00', '2025-12-31 00:00:00'),
(9, 5, 'Акции компании "Лукойл"', 'Акции', 250000.00, 6.5, '2021-01-01 00:00:00', '2024-12-31 00:00:00'),
(10, 5, 'Квартира в Санкт-Петербурге', 'Недвижимость', 3000000.00, 3.0, '2021-01-01 00:00:00', '2026-12-31 00:00:00'),
(11, 6, 'Акции компании "Татнефть"', 'Акции', 150000.00, 6.0, '2021-01-01 00:00:00', '2024-12-31 00:00:00'),
(12, 6, 'Ресторан быстрого питания', 'Бизнес', 1000000.00, 8.0, '2021-01-01 00:00:00', '2026-12-31 00:00:00'),
(13, 3, 'Акции Microsoft Corporation', 'акции', 230.10, 0.013, '2022-01-01', '2024-01-01'),
(14, 1, 'Акции Tesla Inc.', 'акции', 700.00, 0.001, '2022-01-01', '2023-01-01'),
(15, 2, 'Офисное здание в центре Москвы', 'недвижимость', 10000000.00, 0.05, '2022-01-01', '2030-01-01'),
(16, 3, 'Квартира в Санкт-Петербурге', 'недвижимость', 5000000.00, 0.04, '2022-01-01', '2030-01-01'),
(17, 1, 'Частный бизнес - продажа кофе', 'бизнес', 2000000.00, 0.1, '2022-01-01', '2025-01-01'),
(18, 2, 'Акции компании Роснефть', 'акции', 300.00, 0.06, '2022-01-01', '2023-01-01'),
(19, 3, 'Акции компании Газпром', 'акции', 200.00, 0.07, '2022-01-01', '2024-01-01'),
(20, 1, 'Стартап - разработка мобильных приложений', 'стартап', 500000.00, 0.2, '2022-01-01', '2025-01-01'),
(21, 2, 'Офисное здание в центре Екатеринбурга', 'недвижимость', 8000000.00, 0.06, '2022-01-01', '2030-01-01'),
(22, 3, 'Квартира в Новосибирске', 'недвижимость', 3000000.00, 0.05, '2022-01-01', '2030-01-01'),
(23, 1, 'Частный бизнес - продажа одежды', 'бизнес', 1500000.00, 0.12, '2022-01-01', '2025-01-01'),
(24, 2, 'Акции компании Лукойл', 'акции', 250.00, 0.07, '2022-01-01', '2023-01-01'),
(25, 3, 'Акции компании Сбербанк', 'акции', 350.00, 0.06, '2022-01-01', '2024-01-01'),
(26, 1, 'Стартап - разработка сайтов', 'стартап', 300000.00, 0.25, '2022-01-01', '2025-01-01'),
(27, 2, 'Офисное здание в центре Казани', 'недвижимость', 6000000.00, 0.07, '2022-01-01', '2030-01-01'),
(28, 3, 'Квартира в Краснодаре', 'недвижимость', 4000000.00, 0.05, '2022-01-01', '2030-01-01'),
(29, 1, 'Частный бизнес - продажа обуви', 'бизнес', 2000000.00, 0.15, '2022-01-01', '2025-01-01'),
(30, 2, 'Акции компании Норникель', 'акции', 400.00, 0.06, '2022-01-01', '2023-01-01');
"ProjectID"	"Name"	"ProjectType"	"Income"	"CurrentValue"	"Profitability"	"AbleToInvest"

INSERT INTO public."Projects" ("ProjectID",	"Name",	"ProjectType", "Income", "CurrentValue", "Profitability", "AbleToInvest")
VALUES
(1, 'Недвижимость в центре Нью-Йорка', 'Недвижимость', 1000000.00, 5000000.00, 0.20, true),
(2, 'Акции компании "Амазон"', 'Акции', 500000.00, 2000000.00, 0.25, true),
(3, 'Облигации российского правительства', 'Облигации', 100000.00, 1000000.00, 0.10, true),
(4, 'Строительство жилого комплекса в Москве', 'Недвижимость', 10000000.00, 50000000.00, 0.20, false),
(5, 'Стартап в сфере искусственного интеллекта', 'Стартап', 500000.00, 2000000.00, 0.25, true),
(6, 'Акции компании "Тесла"', 'Акции', 1000000.00, 4000000.00, 0.25, true),
(7, 'Недвижимость в центре Лондона', 'Недвижимость', 2000000.00, 10000000.00, 0.20, true),
(8, 'Облигации компании "Аппл"', 'Облигации', 500000.00, 2000000.00, 0.05, true),
(9, 'Строительство торгового центра в Санкт-Петербурге', 'Недвижимость', 20000000.00, 100000000.00, 0.20, false),
(10, 'Стартап в сфере биотехнологий', 'Стартап', 1000000.00, 4000000.00, 0.25, true),
(11, 'Акции компании "Майкрософт"', 'Акции', 1000000.00, 4000000.00, 0.25, true),
(12, 'Недвижимость в центре Парижа', 'Недвижимость', 3000000.00, 15000000.00, 0.20, true),
(13, 'Облигации компании "Гугл"', 'Облигации', 1000000.00, 4000000.00, 0.05, true),
(14, 'Строительство жилого комплекса в Москва', 'Недвижимость', 5000000.00, 25000000.00, 0.20, false),
(15, 'Стартап в сфере экотехнологий', 'Стартап', 500000.00, 2000000.00, 0.25, true),
(16, 'Акции компании "Фейсбук"', 'Акции', 1000000.00, 4000000.00, 0.25, true),
(17, 'Недвижимость в центре Берлина', 'Недвижимость', 2000000.00, 10000000.00, 0.20, true),
(18, 'Облигации компании "Микрософт"', 'Облигации', 500000.00, 2000000.00, 0.05, true),
(19, 'Строительство жилого комплекса во Львове', 'Недвижимость', 3000000.00, 15000000.00, 0.20, false),
(20, 'Стартап в сфере финтеха', 'Стартап', 1000000.00, 4000000.00, 0.25, true),
(21, 'Акции компании "НВИДИА"', 'Акции', 500000.00, 2000000.00, 0.25, true),
(22, 'Недвижимость в центре Варшавы', 'Недвижимость', 1500000.00, 7500000.00, 0.20, true),
(23, 'Облигации компании "Алибаба"', 'Облигации', 1000000.00, 4000000.00, 0.05, true),
(24, 'Строительство жилого комплекса в Минске', 'Недвижимость', 4000000.00, 20000000.00, 0.20, false),
(25, 'Стартап в сфере медицины', 'Стартап', 500000.00, 2000000.00, 0.25, true),
(26, 'Акции компании "Тенцент"', 'Акции', 1000000.00, 4000000.00, 0.25, true),
(27, 'Недвижимость в центре Праги', 'Недвижимость', 2000000.00, 10000000.00, 0.20, true),
(28, 'Облигации компании "Самсунг"', 'Облигации', 500000.00, 2000000.00, 0.05, true),
(29, 'Строительство жилого комплекса в Риге', 'Недвижимость', 3000000.00, 15000000.00, 0.20, false),
(30, 'Стартап в сфере образования', 'Стартап', 1000000.00, 4000000.00, 0.25, true);

INSERT INTO public."Transactions" ("TransactionID", "AccountID", "PortfolioID", "Date", "Amount")
VALUES
(1, 1, 1, '2022-01-01 10:00:00', 1000.00),
(2, 2, 2, '2022-01-02 11:00:00', 2000.00),
(3, 3, 3, '2022-01-03 14:00:00', 3000.00),
(4, 1, 1, '2022-01-04 09:00:00', 500.00),
(5, 2, 2, '2022-01-05 12:00:00', 1500.00),
(6, 3, 3, '2022-01-06 15:00:00', 2500.00),
(7, 4, 1, '2022-01-07 10:00:00', 4000.00),
(8, 5, 2, '2022-01-08 11:00:00', 5000.00),
(9, 6, 3, '2022-01-09 14:00:00', 6000.00),
(10, 4, 1, '2022-01-10 09:00:00', 1000.00),
(11, 5, 2, '2022-01-11 12:00:00', 2000.00),
(12, 6, 3, '2022-01-12 15:00:00', 3000.00),
(13, 7, 1, '2022-01-13 10:00:00', 4000.00),
(14, 8, 2, '2022-01-14 11:00:00', 5000.00),
(15, 9, 3, '2022-01-15 14:00:00', 6000.00),
(16, 7, 1, '2022-01-16 09:00:00', 1000.00),
(17, 8, 2, '2022-01-17 12:00:00', 2000.00),
(18, 9, 3, '2022-01-18 15:00:00', 3000.00),
(19, 10, 1, '2022-01-19 10:00:00', 4000.00),
(20, 11, 2, '2022-01-20 11:00:00', 5000.00),
(21, 12, 3, '2022-01-21 14:00:00', 6000.00),
(22, 10, 1, '2022-01-22 09:00:00', 1000.00),
(23, 11, 2, '2022-01-23 12:00:00', 2000.00),
(24, 12, 3, '2022-01-24 15:00:00', 3000.00),
(25, 13, 1, '2022-01-25 10:00:00', 4000.00),
(26, 14, 2, '2022-01-26 11:00:00', 5000.00),
(27, 15, 3, '2022-01-27 14:00:00', 6000.00),
(28, 13, 1, '2022-01-28 09:00:00', 1000.00),
(29, 14, 2, '2022-01-29 12:00:00', 2000.00),
(30, 15, 3, '2022-01-30 15:00:00', 3000.00);


INSERT INTO public."TransactionItems" ("TransactionItemID", "TransactionID", "ProjectID", "Quantity", "UnitPrice")
VALUES
(1, 1, 1, 100, 100.00),
(2, 1, 2, 50, 200.00),
(3, 2, 3, 200, 50.00),
(4, 2, 4, 100, 150.00),
(5, 3, 5, 50, 400.00),
(6, 3, 6, 100, 200.00),
(7, 4, 7, 250, 100.00),
(8, 4, 8, 150, 200.00),
(9, 5, 9, 100, 500.00),
(10, 5, 10, 50, 300.00),
(11, 6, 11, 300, 150.00),
(12, 6, 12, 200, 250.00),
(13, 7, 13, 100, 1000.00),
(14, 7, 14, 50, 500.00),
(15, 8, 15, 250, 200.00),
(16, 8, 16, 150, 300.00),
(17, 9, 17, 50, 800.00),
(18, 9, 18, 100, 400.00),
(19, 10, 19, 300, 250.00),
(20, 10, 20, 200, 350.00),
(21, 11, 21, 100, 1200.00),
(22, 11, 22, 50, 600.00),
(23, 12, 23, 250, 300.00),
(24, 12, 24, 150, 400.00),
(25, 13, 25, 50, 1000.00),
(26, 13, 26, 100, 500.00),
(27, 14, 27, 300, 350.00),
(28, 14, 28, 200, 450.00),
(29, 15, 29, 100, 1500.00),
(30, 15, 30, 50, 750.00);

